<?xml version="1.0"?>
<opencv_storage>
<!-- Created using Computer Vision System Toolbox(tm) for MATLAB(R) -->
<!-- Version 8.5.0.197613 (R2015a) -->
<!-- Compatible with OpenCV 2.4 -->
<cascade>
  <stageType>BOOST</stageType>
  <featureType>HAAR</featureType>
  <height>32</height>
  <width>129</width>
  <stageParams>
    <boostType>GAB</boostType>
    <minHitRate>9.9500000476837158e-01</minHitRate>
    <maxFalseAlarm>5.0000000000000000e-01</maxFalseAlarm>
    <weightTrimRate>9.4999999999999996e-01</weightTrimRate>
    <maxDepth>1</maxDepth>
    <maxWeakCount>100</maxWeakCount></stageParams>
  <featureParams>
    <maxCatCount>0</maxCatCount>
    <featSize>1</featSize>
    <mode>BASIC</mode></featureParams>
  <stageNum>11</stageNum>
  <stages>
    <!-- stage 0 -->
    <_>
      <maxWeakCount>3</maxWeakCount>
      <stageThreshold>-1.0674680471420288e+00</stageThreshold>
      <weakClassifiers>
        <_>
          <internalNodes>
            0 -1 6 -1.2731397151947021e-01</internalNodes>
          <leafValues>
            9.3175852298736572e-01 -9.4656491279602051e-01</leafValues></_>
        <_>
          <internalNodes>
            0 -1 11 3.7146225571632385e-02</internalNodes>
          <leafValues>
            -8.7069267034530640e-01 8.3901435136795044e-01</leafValues></_>
        <_>
          <internalNodes>
            0 -1 25 -3.7737749516963959e-02</internalNodes>
          <leafValues>
            7.4978947639465332e-01 -9.6085906028747559e-01</leafValues></_></weakClassifiers></_>
    <!-- stage 1 -->
    <_>
      <maxWeakCount>3</maxWeakCount>
      <stageThreshold>-8.8214868307113647e-01</stageThreshold>
      <weakClassifiers>
        <_>
          <internalNodes>
            0 -1 7 5.1037333905696869e-02</internalNodes>
          <leafValues>
            -8.7530565261840820e-01 9.3696272373199463e-01</leafValues></_>
        <_>
          <internalNodes>
            0 -1 0 5.4085813462734222e-03</internalNodes>
          <leafValues>
            -8.2023012638092041e-01 7.9198610782623291e-01</leafValues></_>
        <_>
          <internalNodes>
            0 -1 20 -3.0629201792180538e-03</internalNodes>
          <leafValues>
            8.1338703632354736e-01 -7.8947442770004272e-01</leafValues></_></weakClassifiers></_>
    <!-- stage 2 -->
    <_>
      <maxWeakCount>3</maxWeakCount>
      <stageThreshold>-9.9952661991119385e-01</stageThreshold>
      <weakClassifiers>
        <_>
          <internalNodes>
            0 -1 9 -1.5169025957584381e-01</internalNodes>
          <leafValues>
            8.5522788763046265e-01 -8.9168763160705566e-01</leafValues></_>
        <_>
          <internalNodes>
            0 -1 16 4.4594690203666687e-02</internalNodes>
          <leafValues>
            -8.4529638290405273e-01 8.1252795457839966e-01</leafValues></_>
        <_>
          <internalNodes>
            0 -1 13 -2.6147085428237915e-01</internalNodes>
          <leafValues>
            7.3745739459991455e-01 -7.0476412773132324e-01</leafValues></_></weakClassifiers></_>
    <!-- stage 3 -->
    <_>
      <maxWeakCount>2</maxWeakCount>
      <stageThreshold>-3.1700947880744934e-01</stageThreshold>
      <weakClassifiers>
        <_>
          <internalNodes>
            0 -1 23 -5.1237568259239197e-03</internalNodes>
          <leafValues>
            6.7129629850387573e-01 -9.2380952835083008e-01</leafValues></_>
        <_>
          <internalNodes>
            0 -1 4 2.0210545044392347e-03</internalNodes>
          <leafValues>
            -9.0844953060150146e-01 6.0680001974105835e-01</leafValues></_></weakClassifiers></_>
    <!-- stage 4 -->
    <_>
      <maxWeakCount>3</maxWeakCount>
      <stageThreshold>-7.0384812355041504e-01</stageThreshold>
      <weakClassifiers>
        <_>
          <internalNodes>
            0 -1 12 6.2566958367824554e-02</internalNodes>
          <leafValues>
            -8.1196582317352295e-01 7.9310345649719238e-01</leafValues></_>
        <_>
          <internalNodes>
            0 -1 24 2.4021949502639472e-04</internalNodes>
          <leafValues>
            -7.1809619665145874e-01 8.4643560647964478e-01</leafValues></_>
        <_>
          <internalNodes>
            0 -1 15 -5.1095448434352875e-02</internalNodes>
          <leafValues>
            8.2621389627456665e-01 -6.3048237562179565e-01</leafValues></_></weakClassifiers></_>
    <!-- stage 5 -->
    <_>
      <maxWeakCount>3</maxWeakCount>
      <stageThreshold>-9.1492265462875366e-01</stageThreshold>
      <weakClassifiers>
        <_>
          <internalNodes>
            0 -1 26 2.6539270766079426e-03</internalNodes>
          <leafValues>
            -7.9376500844955444e-01 8.1981980800628662e-01</leafValues></_>
        <_>
          <internalNodes>
            0 -1 31 2.7019495610147715e-03</internalNodes>
          <leafValues>
            -7.6669460535049438e-01 7.5464051961898804e-01</leafValues></_>
        <_>
          <internalNodes>
            0 -1 22 1.4259787276387215e-03</internalNodes>
          <leafValues>
            -8.6759465932846069e-01 6.4553695917129517e-01</leafValues></_></weakClassifiers></_>
    <!-- stage 6 -->
    <_>
      <maxWeakCount>5</maxWeakCount>
      <stageThreshold>-1.1421535015106201e+00</stageThreshold>
      <weakClassifiers>
        <_>
          <internalNodes>
            0 -1 27 -3.1224950216710567e-03</internalNodes>
          <leafValues>
            8.6348122358322144e-01 -7.3455375432968140e-01</leafValues></_>
        <_>
          <internalNodes>
            0 -1 2 1.3931412249803543e-02</internalNodes>
          <leafValues>
            -6.0468935966491699e-01 7.2141927480697632e-01</leafValues></_>
        <_>
          <internalNodes>
            0 -1 21 -1.2132227420806885e-03</internalNodes>
          <leafValues>
            6.2904310226440430e-01 -6.9232547283172607e-01</leafValues></_>
        <_>
          <internalNodes>
            0 -1 19 -3.7569033447653055e-03</internalNodes>
          <leafValues>
            4.4339123368263245e-01 -8.6597251892089844e-01</leafValues></_>
        <_>
          <internalNodes>
            0 -1 18 -4.3793750228360295e-04</internalNodes>
          <leafValues>
            4.4602388143539429e-01 -8.4684717655181885e-01</leafValues></_></weakClassifiers></_>
    <!-- stage 7 -->
    <_>
      <maxWeakCount>3</maxWeakCount>
      <stageThreshold>-7.2578907012939453e-01</stageThreshold>
      <weakClassifiers>
        <_>
          <internalNodes>
            0 -1 28 -2.4863078724592924e-03</internalNodes>
          <leafValues>
            8.2758623361587524e-01 -6.3313609361648560e-01</leafValues></_>
        <_>
          <internalNodes>
            0 -1 10 4.1108410805463791e-03</internalNodes>
          <leafValues>
            -7.5615817308425903e-01 6.9167155027389526e-01</leafValues></_>
        <_>
          <internalNodes>
            0 -1 8 1.0525618493556976e-01</internalNodes>
          <leafValues>
            -6.2871205806732178e-01 6.6350519657135010e-01</leafValues></_></weakClassifiers></_>
    <!-- stage 8 -->
    <_>
      <maxWeakCount>3</maxWeakCount>
      <stageThreshold>-6.8192845582962036e-01</stageThreshold>
      <weakClassifiers>
        <_>
          <internalNodes>
            0 -1 17 -1.3479631888912991e-05</internalNodes>
          <leafValues>
            6.7685592174530029e-01 -9.2000001668930054e-01</leafValues></_>
        <_>
          <internalNodes>
            0 -1 1 6.8636066280305386e-03</internalNodes>
          <leafValues>
            -6.1052668094635010e-01 7.5421130657196045e-01</leafValues></_>
        <_>
          <internalNodes>
            0 -1 29 2.0033339387737215e-04</internalNodes>
          <leafValues>
            -7.4825769662857056e-01 5.9887784719467163e-01</leafValues></_></weakClassifiers></_>
    <!-- stage 9 -->
    <_>
      <maxWeakCount>3</maxWeakCount>
      <stageThreshold>-7.8034341335296631e-01</stageThreshold>
      <weakClassifiers>
        <_>
          <internalNodes>
            0 -1 30 -3.5470228642225266e-02</internalNodes>
          <leafValues>
            7.7777779102325439e-01 -8.7341773509979248e-01</leafValues></_>
        <_>
          <internalNodes>
            0 -1 14 2.6791775599122047e-03</internalNodes>
          <leafValues>
            5.7049477100372314e-01 -9.5735800266265869e-01</leafValues></_>
        <_>
          <internalNodes>
            0 -1 5 8.7746018543839455e-03</internalNodes>
          <leafValues>
            -6.0076320171356201e-01 8.6003369092941284e-01</leafValues></_></weakClassifiers></_>
    <!-- stage 10 -->
    <_>
      <maxWeakCount>1</maxWeakCount>
      <stageThreshold>8.5238093137741089e-01</stageThreshold>
      <weakClassifiers>
        <_>
          <internalNodes>
            0 -1 3 -3.5954695194959641e-03</internalNodes>
          <leafValues>
            8.5238093137741089e-01 -1.</leafValues></_></weakClassifiers></_></stages>
  <features>
    <_>
      <rects>
        <_>
          0 4 10 7 -1.</_>
        <_>
          5 4 5 7 2.</_></rects>
      <tilted>0</tilted></_>
    <_>
      <rects>
        <_>
          0 6 8 7 -1.</_>
        <_>
          4 6 4 7 2.</_></rects>
      <tilted>0</tilted></_>
    <_>
      <rects>
        <_>
          0 6 8 17 -1.</_>
        <_>
          4 6 4 17 2.</_></rects>
      <tilted>0</tilted></_>
    <_>
      <rects>
        <_>
          0 6 69 15 -1.</_>
        <_>
          0 11 69 5 3.</_></rects>
      <tilted>0</tilted></_>
    <_>
      <rects>
        <_>
          0 18 8 5 -1.</_>
        <_>
          4 18 4 5 2.</_></rects>
      <tilted>0</tilted></_>
    <_>
      <rects>
        <_>
          1 2 6 15 -1.</_>
        <_>
          4 2 3 15 2.</_></rects>
      <tilted>0</tilted></_>
    <_>
      <rects>
        <_>
          3 18 113 14 -1.</_>
        <_>
          3 25 113 7 2.</_></rects>
      <tilted>0</tilted></_>
    <_>
      <rects>
        <_>
          4 0 117 6 -1.</_>
        <_>
          4 3 117 3 2.</_></rects>
      <tilted>0</tilted></_>
    <_>
      <rects>
        <_>
          4 0 123 8 -1.</_>
        <_>
          4 4 123 4 2.</_></rects>
      <tilted>0</tilted></_>
    <_>
      <rects>
        <_>
          4 20 120 12 -1.</_>
        <_>
          4 26 120 6 2.</_></rects>
      <tilted>0</tilted></_>
    <_>
      <rects>
        <_>
          7 14 3 15 -1.</_>
        <_>
          7 19 3 5 3.</_></rects>
      <tilted>0</tilted></_>
    <_>
      <rects>
        <_>
          8 0 120 6 -1.</_>
        <_>
          8 3 120 3 2.</_></rects>
      <tilted>0</tilted></_>
    <_>
      <rects>
        <_>
          9 0 107 6 -1.</_>
        <_>
          9 3 107 3 2.</_></rects>
      <tilted>0</tilted></_>
    <_>
      <rects>
        <_>
          9 2 104 30 -1.</_>
        <_>
          9 17 104 15 2.</_></rects>
      <tilted>0</tilted></_>
    <_>
      <rects>
        <_>
          15 14 15 15 -1.</_>
        <_>
          20 14 5 15 3.</_></rects>
      <tilted>0</tilted></_>
    <_>
      <rects>
        <_>
          36 23 89 6 -1.</_>
        <_>
          36 26 89 3 2.</_></rects>
      <tilted>0</tilted></_>
    <_>
      <rects>
        <_>
          38 0 66 12 -1.</_>
        <_>
          38 4 66 4 3.</_></rects>
      <tilted>0</tilted></_>
    <_>
      <rects>
        <_>
          39 5 30 4 -1.</_>
        <_>
          49 5 10 4 3.</_></rects>
      <tilted>0</tilted></_>
    <_>
      <rects>
        <_>
          46 17 12 3 -1.</_>
        <_>
          50 17 4 3 3.</_></rects>
      <tilted>0</tilted></_>
    <_>
      <rects>
        <_>
          47 7 45 4 -1.</_>
        <_>
          62 7 15 4 3.</_></rects>
      <tilted>0</tilted></_>
    <_>
      <rects>
        <_>
          52 6 9 6 -1.</_>
        <_>
          55 6 3 6 3.</_></rects>
      <tilted>0</tilted></_>
    <_>
      <rects>
        <_>
          53 5 6 6 -1.</_>
        <_>
          53 7 6 2 3.</_></rects>
      <tilted>0</tilted></_>
    <_>
      <rects>
        <_>
          56 19 10 6 -1.</_>
        <_>
          61 19 5 6 2.</_></rects>
      <tilted>0</tilted></_>
    <_>
      <rects>
        <_>
          61 4 4 21 -1.</_>
        <_>
          61 11 4 7 3.</_></rects>
      <tilted>0</tilted></_>
    <_>
      <rects>
        <_>
          63 10 3 4 -1.</_>
        <_>
          64 10 1 4 3.</_></rects>
      <tilted>0</tilted></_>
    <_>
      <rects>
        <_>
          65 21 58 10 -1.</_>
        <_>
          65 26 58 5 2.</_></rects>
      <tilted>0</tilted></_>
    <_>
      <rects>
        <_>
          66 1 2 9 -1.</_>
        <_>
          66 4 2 3 3.</_></rects>
      <tilted>0</tilted></_>
    <_>
      <rects>
        <_>
          67 15 6 7 -1.</_>
        <_>
          69 15 2 7 3.</_></rects>
      <tilted>0</tilted></_>
    <_>
      <rects>
        <_>
          70 6 6 7 -1.</_>
        <_>
          72 6 2 7 3.</_></rects>
      <tilted>0</tilted></_>
    <_>
      <rects>
        <_>
          76 6 6 20 -1.</_>
        <_>
          76 6 3 10 2.</_>
        <_>
          79 16 3 10 2.</_></rects>
      <tilted>0</tilted></_>
    <_>
      <rects>
        <_>
          77 4 26 28 -1.</_>
        <_>
          77 18 26 14 2.</_></rects>
      <tilted>0</tilted></_>
    <_>
      <rects>
        <_>
          121 18 8 14 -1.</_>
        <_>
          121 18 4 7 2.</_>
        <_>
          125 25 4 7 2.</_></rects>
      <tilted>0</tilted></_></features></cascade>
</opencv_storage>
